anna.col,lf,138,138,True,493,493,True,11,11,0,0,0,11,0,0,4
anna.col,rs,138,138,True,493,493,True,11,11,0,0,0,11,0,0,8
anna.col,sf,138,138,True,493,493,True,11,13,2,18,0,11,0,0,9
anna.col,sl,138,138,True,493,493,True,11,11,0,0,6,11,0,0,8
anna.col,gis,138,138,True,493,493,True,11,12,1,9,29,12,1,9,30
anna.col,cs-bfs,138,138,True,493,493,True,11,11,0,0,0,11,0,0,6
anna.col,cs-dfs,138,138,True,493,493,True,11,11,0,0,0,11,0,0,8
anna.col,slf,138,138,True,493,493,True,11,11,0,0,30,11,0,0,34
david.col,lf,87,87,True,406,406,True,11,11,0,0,0,11,0,0,3
david.col,rs,87,87,True,406,406,True,11,11,0,0,0,11,0,0,6
david.col,sf,87,87,True,406,406,True,11,14,3,27,0,11,0,0,8
david.col,sl,87,87,True,406,406,True,11,11,0,0,3,11,0,0,6
david.col,gis,87,87,True,406,406,True,11,13,2,18,23,13,2,18,23
david.col,cs-bfs,87,87,True,406,406,True,11,11,0,0,0,11,0,0,3
david.col,cs-dfs,87,87,True,406,406,True,11,11,0,0,0,11,0,0,5
david.col,slf,87,87,True,406,406,True,11,11,0,0,12,11,0,0,16
fpsol2.i.1.col,lf,496,269,False,11654,11654,True,65,65,0,0,4,65,0,0,378
fpsol2.i.1.col,rs,496,269,False,11654,11654,True,65,65,0,0,3,65,0,0,1044
fpsol2.i.1.col,sf,496,269,False,11654,11654,True,65,66,1,1,3,66,1,1,1378
fpsol2.i.1.col,sl,496,269,False,11654,11654,True,65,65,0,0,68,65,0,0,408
fpsol2.i.1.col,gis,496,269,False,11654,11654,True,65,65,0,0,3279,65,0,0,3145
fpsol2.i.1.col,cs-bfs,496,269,False,11654,11654,True,65,65,0,0,8,65,0,0,1100
fpsol2.i.1.col,cs-dfs,496,269,False,11654,11654,True,65,65,0,0,8,65,0,0,854
fpsol2.i.1.col,slf,496,269,False,11654,11654,True,65,65,0,0,112,65,0,0,515
fpsol2.i.2.col,lf,451,363,False,8691,8691,True,30,30,0,0,4,30,0,0,86
fpsol2.i.2.col,rs,451,363,False,8691,8691,True,30,31,1,3,3,30,0,0,330
fpsol2.i.2.col,sf,451,363,False,8691,8691,True,30,34,4,13,3,31,1,3,285
fpsol2.i.2.col,sl,451,363,False,8691,8691,True,30,30,0,0,63,30,0,0,122
fpsol2.i.2.col,gis,451,363,False,8691,8691,True,30,35,5,16,1283,35,5,16,1255
fpsol2.i.2.col,cs-bfs,451,363,False,8691,8691,True,30,32,2,6,7,30,0,0,165
fpsol2.i.2.col,cs-dfs,451,363,False,8691,8691,True,30,33,3,10,7,30,0,0,166
fpsol2.i.2.col,slf,451,363,False,8691,8691,True,30,30,0,0,206,30,0,0,298
fpsol2.i.3.col,lf,425,363,False,8688,8688,True,30,30,0,0,4,30,0,0,93
fpsol2.i.3.col,rs,425,363,False,8688,8688,True,30,31,1,3,2,30,0,0,360
fpsol2.i.3.col,sf,425,363,False,8688,8688,True,30,34,4,13,3,31,1,3,314
fpsol2.i.3.col,sl,425,363,False,8688,8688,True,30,30,0,0,66,30,0,0,123
fpsol2.i.3.col,gis,425,363,False,8688,8688,True,30,35,5,16,1274,35,5,16,1223
fpsol2.i.3.col,cs-bfs,425,363,False,8688,8688,True,30,32,2,6,6,30,0,0,160
fpsol2.i.3.col,cs-dfs,425,363,False,8688,8688,True,30,30,0,0,7,30,0,0,92
fpsol2.i.3.col,slf,425,363,False,8688,8688,True,30,30,0,0,208,30,0,0,287
games120.col,lf,120,120,True,638,638,True,9,9,0,0,0,9,0,0,7
games120.col,rs,120,120,True,638,638,True,9,9,0,0,0,9,0,0,5
games120.col,sf,120,120,True,638,638,True,9,9,0,0,0,9,0,0,4
games120.col,sl,120,120,True,638,638,True,9,9,0,0,5,9,0,0,7
games120.col,gis,120,120,True,638,638,True,9,9,0,0,26,9,0,0,25
games120.col,cs-bfs,120,120,True,638,638,True,9,9,0,0,0,9,0,0,3
games120.col,cs-dfs,120,120,True,638,638,True,9,9,0,0,0,9,0,0,6
games120.col,slf,120,120,True,638,638,True,9,9,0,0,21,9,0,0,28
homer.col,lf,561,556,False,1629,1629,True,13,13,0,0,2,13,0,0,22
homer.col,rs,561,556,False,1629,1629,True,13,13,0,0,1,13,0,0,37
homer.col,sf,561,556,False,1629,1629,True,13,18,5,38,2,14,1,7,62
homer.col,sl,561,556,False,1629,1629,True,13,13,0,0,61,13,0,0,70
homer.col,gis,561,556,False,1629,1629,True,13,16,3,23,189,16,3,23,191
homer.col,cs-bfs,561,556,False,1629,1629,True,13,13,0,0,2,13,0,0,14
homer.col,cs-dfs,561,556,False,1629,1629,True,13,13,0,0,3,13,0,0,26
homer.col,slf,561,556,False,1629,1629,True,13,13,0,0,473,13,0,0,493
huck.col,lf,74,74,True,301,301,True,11,11,0,0,0,11,0,0,2
huck.col,rs,74,74,True,301,301,True,11,11,0,0,0,11,0,0,4
huck.col,sf,74,74,True,301,301,True,11,12,1,9,0,11,0,0,4
huck.col,sl,74,74,True,301,301,True,11,11,0,0,2,11,0,0,4
huck.col,gis,74,74,True,301,301,True,11,11,0,0,16,11,0,0,15
huck.col,cs-bfs,74,74,True,301,301,True,11,11,0,0,0,11,0,0,2
huck.col,cs-dfs,74,74,True,301,301,True,11,11,0,0,0,11,0,0,3
huck.col,slf,74,74,True,301,301,True,11,11,0,0,8,11,0,0,11
inithx.i.1.col,lf,864,519,False,18707,18707,True,54,54,0,0,7,54,0,0,375
inithx.i.1.col,rs,864,519,False,18707,18707,True,54,54,0,0,5,54,0,0,1378
inithx.i.1.col,sf,864,519,False,18707,18707,True,54,55,1,1,7,55,1,1,1782
inithx.i.1.col,sl,864,519,False,18707,18707,True,54,54,0,0,137,54,0,0,392
inithx.i.1.col,gis,864,519,False,18707,18707,True,54,54,0,0,4739,54,0,0,4753
inithx.i.1.col,cs-bfs,864,519,False,18707,18707,True,54,55,1,1,17,54,0,0,1297
inithx.i.1.col,cs-dfs,864,519,False,18707,18707,True,54,55,1,1,15,54,0,0,640
inithx.i.1.col,slf,864,519,False,18707,18707,True,54,54,0,0,413,54,0,0,792
inithx.i.2.col,lf,645,558,False,13979,13979,True,31,31,0,0,6,31,0,0,125
inithx.i.2.col,rs,645,558,False,13979,13979,True,31,32,1,3,4,31,0,0,550
inithx.i.2.col,sf,645,558,False,13979,13979,True,31,32,1,3,6,31,0,0,471
inithx.i.2.col,sl,645,558,False,13979,13979,True,31,32,1,3,125,31,0,0,225
inithx.i.2.col,gis,645,558,False,13979,13979,True,31,33,2,6,2182,33,2,6,2148
inithx.i.2.col,cs-bfs,645,558,False,13979,13979,True,31,34,3,9,12,31,0,0,216
inithx.i.2.col,cs-dfs,645,558,False,13979,13979,True,31,31,0,0,11,31,0,0,188
inithx.i.2.col,slf,645,558,False,13979,13979,True,31,31,0,0,490,31,0,0,612
inithx.i.3.col,lf,621,559,False,13969,13969,True,31,31,0,0,6,31,0,0,128
inithx.i.3.col,rs,621,559,False,13969,13969,True,31,31,0,0,4,31,0,0,545
inithx.i.3.col,sf,621,559,False,13969,13969,True,31,31,0,0,5,31,0,0,524
inithx.i.3.col,sl,621,559,False,13969,13969,True,31,31,0,0,122,31,0,0,204
inithx.i.3.col,gis,621,559,False,13969,13969,True,31,33,2,6,2131,33,2,6,2087
inithx.i.3.col,cs-bfs,621,559,False,13969,13969,True,31,34,3,9,11,31,0,0,209
inithx.i.3.col,cs-dfs,621,559,False,13969,13969,True,31,31,0,0,11,31,0,0,179
inithx.i.3.col,slf,621,559,False,13969,13969,True,31,31,0,0,466,31,0,0,582
jean.col,lf,80,77,False,254,254,True,10,10,0,0,0,10,0,0,2
jean.col,rs,80,77,False,254,254,True,10,10,0,0,0,10,0,0,3
jean.col,sf,80,77,False,254,254,True,10,12,2,20,0,10,0,0,4
jean.col,sl,80,77,False,254,254,True,10,10,0,0,2,10,0,0,4
jean.col,gis,80,77,False,254,254,True,10,11,1,10,14,11,1,10,13
jean.col,cs-bfs,80,77,False,254,254,True,10,10,0,0,0,10,0,0,4
jean.col,cs-dfs,80,77,False,254,254,True,10,10,0,0,0,10,0,0,3
jean.col,slf,80,77,False,254,254,True,10,10,0,0,9,10,0,0,11
le450_15a.col,lf,450,450,True,8168,8168,True,15,18,3,20,4,17,2,13,423
le450_15a.col,rs,450,450,True,8168,8168,True,15,21,6,40,3,19,4,26,812
le450_15a.col,sf,450,450,True,8168,8168,True,15,26,11,73,4,21,6,40,1355
le450_15a.col,sl,450,450,True,8168,8168,True,15,17,2,13,81,17,2,13,339
le450_15a.col,gis,450,450,True,8168,8168,True,15,22,7,46,874,22,7,46,864
le450_15a.col,cs-bfs,450,450,True,8168,8168,True,15,23,8,53,7,19,4,26,543
le450_15a.col,cs-dfs,450,450,True,8168,8168,True,15,21,6,40,6,18,3,20,776
le450_15a.col,slf,450,450,True,8168,8168,True,15,18,3,20,292,17,2,13,720
le450_15b.col,lf,450,450,True,8169,8169,True,15,18,3,20,4,16,1,6,507
le450_15b.col,rs,450,450,True,8169,8169,True,15,22,7,46,3,19,4,26,782
le450_15b.col,sf,450,450,True,8169,8169,True,15,26,11,73,4,21,6,40,1356
le450_15b.col,sl,450,450,True,8169,8169,True,15,18,3,20,73,17,2,13,213
le450_15b.col,gis,450,450,True,8169,8169,True,15,22,7,46,816,22,7,46,838
le450_15b.col,cs-bfs,450,450,True,8169,8169,True,15,22,7,46,7,18,3,20,589
le450_15b.col,cs-dfs,450,450,True,8169,8169,True,15,21,6,40,7,18,3,20,980
le450_15b.col,slf,450,450,True,8169,8169,True,15,18,3,20,292,16,1,6,810
le450_15c.col,lf,450,450,True,16680,16680,True,15,26,11,73,6,24,9,60,1294
le450_15c.col,rs,450,450,True,16680,16680,True,15,30,15,100,5,28,13,86,2549
le450_15c.col,sf,450,450,True,16680,16680,True,15,35,20,133,6,30,15,100,3355
le450_15c.col,sl,450,450,True,16680,16680,True,15,26,11,73,120,24,9,60,1546
le450_15c.col,gis,450,450,True,16680,16680,True,15,30,15,100,2345,30,15,100,2344
le450_15c.col,cs-bfs,450,450,True,16680,16680,True,15,31,16,106,13,26,11,73,2268
le450_15c.col,cs-dfs,450,450,True,16680,16680,True,15,29,14,93,13,27,12,80,2227
le450_15c.col,slf,450,450,True,16680,16680,True,15,26,11,73,306,24,9,60,1556
le450_15d.col,lf,450,450,True,16750,16750,True,15,26,11,73,6,24,9,60,1785
le450_15d.col,rs,450,450,True,16750,16750,True,15,31,16,106,5,27,12,80,2414
le450_15d.col,sf,450,450,True,16750,16750,True,15,36,21,140,6,30,15,100,3356
le450_15d.col,sl,450,450,True,16750,16750,True,15,26,11,73,121,24,9,60,1916
le450_15d.col,gis,450,450,True,16750,16750,True,15,31,16,106,2415,31,16,106,2367
le450_15d.col,cs-bfs,450,450,True,16750,16750,True,15,31,16,106,13,26,11,73,2394
le450_15d.col,cs-dfs,450,450,True,16750,16750,True,15,30,15,100,12,26,11,73,2334
le450_15d.col,slf,450,450,True,16750,16750,True,15,26,11,73,299,24,9,60,2163
le450_25a.col,lf,450,450,True,8260,8260,True,25,26,1,4,4,25,0,0,166
le450_25a.col,rs,450,450,True,8260,8260,True,25,27,2,8,3,26,1,4,481
le450_25a.col,sf,450,450,True,8260,8260,True,25,34,9,36,4,29,4,16,792
le450_25a.col,sl,450,450,True,8260,8260,True,25,25,0,0,74,25,0,0,148
le450_25a.col,gis,450,450,True,8260,8260,True,25,30,5,20,1072,30,5,20,1076
le450_25a.col,cs-bfs,450,450,True,8260,8260,True,25,27,2,8,8,25,0,0,175
le450_25a.col,cs-dfs,450,450,True,8260,8260,True,25,28,3,12,6,26,1,4,435
le450_25a.col,slf,450,450,True,8260,8260,True,25,26,1,4,292,25,0,0,464
le450_25b.col,lf,450,450,True,8263,8263,True,25,25,0,0,4,25,0,0,145
le450_25b.col,rs,450,450,True,8263,8263,True,25,29,4,16,3,27,2,8,374
le450_25b.col,sf,450,450,True,8263,8263,True,25,31,6,24,4,27,2,8,765
le450_25b.col,sl,450,450,True,8263,8263,True,25,25,0,0,76,25,0,0,115
le450_25b.col,gis,450,450,True,8263,8263,True,25,31,6,24,1161,31,6,24,1139
le450_25b.col,cs-bfs,450,450,True,8263,8263,True,25,27,2,8,7,25,0,0,134
le450_25b.col,cs-dfs,450,450,True,8263,8263,True,25,27,2,8,6,26,1,4,423
le450_25b.col,slf,450,450,True,8263,8263,True,25,25,0,0,290,25,0,0,444
le450_25c.col,lf,450,450,True,17343,17343,True,25,29,4,16,6,28,3,12,1545
le450_25c.col,rs,450,450,True,17343,17343,True,25,36,11,44,5,32,7,28,2559
le450_25c.col,sf,450,450,True,17343,17343,True,25,42,17,68,6,36,11,44,3622
le450_25c.col,sl,450,450,True,17343,17343,True,25,31,6,24,118,28,3,12,1362
le450_25c.col,gis,450,450,True,17343,17343,True,25,37,12,48,2968,37,12,48,3000
le450_25c.col,cs-bfs,450,450,True,17343,17343,True,25,36,11,44,13,32,7,28,1805
le450_25c.col,cs-dfs,450,450,True,17343,17343,True,25,37,12,48,13,32,7,28,2695
le450_25c.col,slf,450,450,True,17343,17343,True,25,29,4,16,307,28,3,12,1933
le450_25d.col,lf,450,450,True,17425,17425,True,25,30,5,20,7,28,3,12,1100
le450_25d.col,rs,450,450,True,17425,17425,True,25,38,13,52,5,33,8,32,2814
le450_25d.col,sf,450,450,True,17425,17425,True,25,43,18,72,6,36,11,44,3870
le450_25d.col,sl,450,450,True,17425,17425,True,25,31,6,24,125,28,3,12,1413
le450_25d.col,gis,450,450,True,17425,17425,True,25,37,12,48,3038,37,12,48,3051
le450_25d.col,cs-bfs,450,450,True,17425,17425,True,25,36,11,44,14,32,7,28,1741
le450_25d.col,cs-dfs,450,450,True,17425,17425,True,25,37,12,48,13,32,7,28,2422
le450_25d.col,slf,450,450,True,17425,17425,True,25,30,5,20,315,28,3,12,1425
le450_5a.col,lf,450,450,True,5714,5714,True,5,11,6,120,3,10,5,100,318
le450_5a.col,rs,450,450,True,5714,5714,True,5,13,8,160,2,12,7,140,616
le450_5a.col,sf,450,450,True,5714,5714,True,5,15,10,200,3,13,8,160,682
le450_5a.col,sl,450,450,True,5714,5714,True,5,13,8,160,63,10,5,100,287
le450_5a.col,gis,450,450,True,5714,5714,True,5,10,5,100,294,10,5,100,294
le450_5a.col,cs-bfs,450,450,True,5714,5714,True,5,14,9,180,5,10,5,100,536
le450_5a.col,cs-dfs,450,450,True,5714,5714,True,5,13,8,160,5,10,5,100,547
le450_5a.col,slf,450,450,True,5714,5714,True,5,11,6,120,310,10,5,100,618
le450_5b.col,lf,450,450,True,5734,5734,True,5,12,7,140,3,10,5,100,427
le450_5b.col,rs,450,450,True,5734,5734,True,5,13,8,160,2,11,6,120,601
le450_5b.col,sf,450,450,True,5734,5734,True,5,15,10,200,3,12,7,140,782
le450_5b.col,sl,450,450,True,5734,5734,True,5,12,7,140,67,10,5,100,478
le450_5b.col,gis,450,450,True,5734,5734,True,5,12,7,140,372,12,7,140,372
le450_5b.col,cs-bfs,450,450,True,5734,5734,True,5,13,8,160,5,11,6,120,547
le450_5b.col,cs-dfs,450,450,True,5734,5734,True,5,14,9,180,6,11,6,120,560
le450_5b.col,slf,450,450,True,5734,5734,True,5,12,7,140,311,10,5,100,817
le450_5c.col,lf,450,450,True,9803,9803,True,5,12,7,140,5,9,4,80,635
le450_5c.col,rs,450,450,True,9803,9803,True,5,17,12,240,3,13,8,160,766
le450_5c.col,sf,450,450,True,9803,9803,True,5,17,12,240,4,12,7,140,1190
le450_5c.col,sl,450,450,True,9803,9803,True,5,8,3,60,90,5,0,0,283
le450_5c.col,gis,450,450,True,9803,9803,True,5,8,3,60,407,8,3,60,394
le450_5c.col,cs-bfs,450,450,True,9803,9803,True,5,17,12,240,8,11,6,120,643
le450_5c.col,cs-dfs,450,450,True,9803,9803,True,5,16,11,220,8,11,6,120,731
le450_5c.col,slf,450,450,True,9803,9803,True,5,12,7,140,320,9,4,80,923
le450_5d.col,lf,450,450,True,9757,9757,True,5,14,9,180,4,10,5,100,517
le450_5d.col,rs,450,450,True,9757,9757,True,5,17,12,240,3,11,6,120,769
le450_5d.col,sf,450,450,True,9757,9757,True,5,16,11,220,5,13,8,160,1421
le450_5d.col,sl,450,450,True,9757,9757,True,5,14,9,180,90,5,0,0,242
le450_5d.col,gis,450,450,True,9757,9757,True,5,8,3,60,396,8,3,60,386
le450_5d.col,cs-bfs,450,450,True,9757,9757,True,5,15,10,200,8,12,7,140,673
le450_5d.col,cs-dfs,450,450,True,9757,9757,True,5,16,11,220,8,12,7,140,694
le450_5d.col,slf,450,450,True,9757,9757,True,5,14,9,180,315,10,5,100,824
miles1000.col,lf,128,128,True,3216,3216,True,42,43,1,2,2,43,1,2,125
miles1000.col,rs,128,128,True,3216,3216,True,42,44,2,4,1,42,0,0,220
miles1000.col,sf,128,128,True,3216,3216,True,42,54,12,28,1,47,5,11,313
miles1000.col,sl,128,128,True,3216,3216,True,42,42,0,0,15,42,0,0,95
miles1000.col,gis,128,128,True,3216,3216,True,42,46,4,9,498,46,4,9,510
miles1000.col,cs-bfs,128,128,True,3216,3216,True,42,45,3,7,3,42,0,0,221
miles1000.col,cs-dfs,128,128,True,3216,3216,True,42,45,3,7,2,43,1,2,214
miles1000.col,slf,128,128,True,3216,3216,True,42,43,1,2,25,43,1,2,147
miles1500.col,lf,128,128,True,5198,5198,True,73,73,0,0,2,73,0,0,429
miles1500.col,rs,128,128,True,5198,5198,True,73,74,1,1,1,73,0,0,661
miles1500.col,sf,128,128,True,5198,5198,True,73,81,8,10,2,74,1,1,760
miles1500.col,sl,128,128,True,5198,5198,True,73,73,0,0,23,73,0,0,406
miles1500.col,gis,128,128,True,5198,5198,True,73,77,4,5,1363,77,4,5,1408
miles1500.col,cs-bfs,128,128,True,5198,5198,True,73,75,2,2,4,73,0,0,574
miles1500.col,cs-dfs,128,128,True,5198,5198,True,73,75,2,2,3,73,0,0,669
miles1500.col,slf,128,128,True,5198,5198,True,73,73,0,0,27,73,0,0,451
miles250.col,lf,128,125,False,387,387,True,8,8,0,0,0,8,0,0,2
miles250.col,rs,128,125,False,387,387,True,8,9,1,12,0,8,0,0,5
miles250.col,sf,128,125,False,387,387,True,8,10,2,25,0,8,0,0,5
miles250.col,sl,128,125,False,387,387,True,8,8,0,0,5,8,0,0,6
miles250.col,gis,128,125,False,387,387,True,8,10,2,25,20,10,2,25,20
miles250.col,cs-bfs,128,125,False,387,387,True,8,9,1,12,0,8,0,0,4
miles250.col,cs-dfs,128,125,False,387,387,True,8,10,2,25,0,8,0,0,5
miles250.col,slf,128,125,False,387,387,True,8,8,0,0,23,8,0,0,25
miles500.col,lf,128,128,True,1170,1170,True,20,20,0,0,1,20,0,0,12
miles500.col,rs,128,128,True,1170,1170,True,20,22,2,10,0,20,0,0,39
miles500.col,sf,128,128,True,1170,1170,True,20,25,5,25,1,21,1,5,55
miles500.col,sl,128,128,True,1170,1170,True,20,20,0,0,9,20,0,0,19
miles500.col,gis,128,128,True,1170,1170,True,20,23,3,15,105,23,3,15,105
miles500.col,cs-bfs,128,128,True,1170,1170,True,20,21,1,5,1,20,0,0,45
miles500.col,cs-dfs,128,128,True,1170,1170,True,20,21,1,5,1,20,0,0,29
miles500.col,slf,128,128,True,1170,1170,True,20,20,0,0,26,20,0,0,38
miles750.col,lf,128,128,True,2113,2113,True,31,32,1,3,1,31,0,0,51
miles750.col,rs,128,128,True,2113,2113,True,31,34,3,9,0,31,0,0,101
miles750.col,sf,128,128,True,2113,2113,True,31,38,7,22,1,33,2,6,150
miles750.col,sl,128,128,True,2113,2113,True,31,31,0,0,11,31,0,0,43
miles750.col,gis,128,128,True,2113,2113,True,31,34,3,9,246,34,3,9,245
miles750.col,cs-bfs,128,128,True,2113,2113,True,31,33,2,6,1,32,1,3,124
miles750.col,cs-dfs,128,128,True,2113,2113,True,31,34,3,9,1,32,1,3,102
miles750.col,slf,128,128,True,2113,2113,True,31,32,1,3,26,31,0,0,81
mulsol.i.1.col,lf,197,138,False,3925,3925,True,49,49,0,0,1,49,0,0,163
mulsol.i.1.col,rs,197,138,False,3925,3925,True,49,49,0,0,1,49,0,0,241
mulsol.i.1.col,sf,197,138,False,3925,3925,True,49,49,0,0,1,49,0,0,273
mulsol.i.1.col,sl,197,138,False,3925,3925,True,49,49,0,0,18,49,0,0,139
mulsol.i.1.col,gis,197,138,False,3925,3925,True,49,51,2,4,694,51,2,4,715
mulsol.i.1.col,cs-bfs,197,138,False,3925,3925,True,49,49,0,0,3,49,0,0,249
mulsol.i.1.col,cs-dfs,197,138,False,3925,3925,True,49,49,0,0,3,49,0,0,208
mulsol.i.1.col,slf,197,138,False,3925,3925,True,49,49,0,0,30,49,0,0,206
mulsol.i.2.col,lf,188,173,False,3885,3885,True,31,31,0,0,1,31,0,0,52
mulsol.i.2.col,rs,188,173,False,3885,3885,True,31,31,0,0,1,31,0,0,150
mulsol.i.2.col,sf,188,173,False,3885,3885,True,31,31,0,0,1,31,0,0,135
mulsol.i.2.col,sl,188,173,False,3885,3885,True,31,31,0,0,20,31,0,0,64
mulsol.i.2.col,gis,188,173,False,3885,3885,True,31,31,0,0,424,31,0,0,425
mulsol.i.2.col,cs-bfs,188,173,False,3885,3885,True,31,31,0,0,3,31,0,0,55
mulsol.i.2.col,cs-dfs,188,173,False,3885,3885,True,31,31,0,0,3,31,0,0,63
mulsol.i.2.col,slf,188,173,False,3885,3885,True,31,31,0,0,46,31,0,0,95
mulsol.i.3.col,lf,184,174,False,3916,3916,True,31,31,0,0,1,31,0,0,54
mulsol.i.3.col,rs,184,174,False,3916,3916,True,31,31,0,0,1,31,0,0,140
mulsol.i.3.col,sf,184,174,False,3916,3916,True,31,31,0,0,1,31,0,0,127
mulsol.i.3.col,sl,184,174,False,3916,3916,True,31,31,0,0,20,31,0,0,59
mulsol.i.3.col,gis,184,174,False,3916,3916,True,31,31,0,0,422,31,0,0,421
mulsol.i.3.col,cs-bfs,184,174,False,3916,3916,True,31,31,0,0,3,31,0,0,54
mulsol.i.3.col,cs-dfs,184,174,False,3916,3916,True,31,31,0,0,3,31,0,0,68
mulsol.i.3.col,slf,184,174,False,3916,3916,True,31,31,0,0,50,31,0,0,100
mulsol.i.4.col,lf,185,175,False,3946,3946,True,31,31,0,0,2,31,0,0,54
mulsol.i.4.col,rs,185,175,False,3946,3946,True,31,31,0,0,1,31,0,0,150
mulsol.i.4.col,sf,185,175,False,3946,3946,True,31,31,0,0,1,31,0,0,134
mulsol.i.4.col,sl,185,175,False,3946,3946,True,31,32,1,3,21,31,0,0,65
mulsol.i.4.col,gis,185,175,False,3946,3946,True,31,31,0,0,447,31,0,0,440
mulsol.i.4.col,cs-bfs,185,175,False,3946,3946,True,31,31,0,0,3,31,0,0,56
mulsol.i.4.col,cs-dfs,185,175,False,3946,3946,True,31,31,0,0,3,31,0,0,69
mulsol.i.4.col,slf,185,175,False,3946,3946,True,31,31,0,0,53,31,0,0,98
mulsol.i.5.col,lf,186,176,False,3973,3973,True,31,31,0,0,2,31,0,0,53
mulsol.i.5.col,rs,186,176,False,3973,3973,True,31,31,0,0,1,31,0,0,142
mulsol.i.5.col,sf,186,176,False,3973,3973,True,31,31,0,0,1,31,0,0,135
mulsol.i.5.col,sl,186,176,False,3973,3973,True,31,31,0,0,23,31,0,0,64
mulsol.i.5.col,gis,186,176,False,3973,3973,True,31,32,1,3,447,32,1,3,431
mulsol.i.5.col,cs-bfs,186,176,False,3973,3973,True,31,31,0,0,3,31,0,0,52
mulsol.i.5.col,cs-dfs,186,176,False,3973,3973,True,31,31,0,0,3,31,0,0,71
mulsol.i.5.col,slf,186,176,False,3973,3973,True,31,31,0,0,50,31,0,0,102
myciel3.col,lf,11,11,True,20,20,True,4,4,0,0,0,4,0,0,0
myciel3.col,rs,11,11,True,20,20,True,4,4,0,0,0,4,0,0,0
myciel3.col,sf,11,11,True,20,20,True,4,4,0,0,0,4,0,0,0
myciel3.col,sl,11,11,True,20,20,True,4,4,0,0,0,4,0,0,0
myciel3.col,gis,11,11,True,20,20,True,4,4,0,0,0,4,0,0,0
myciel3.col,cs-bfs,11,11,True,20,20,True,4,4,0,0,0,4,0,0,0
myciel3.col,cs-dfs,11,11,True,20,20,True,4,4,0,0,0,4,0,0,0
myciel3.col,slf,11,11,True,20,20,True,4,4,0,0,0,4,0,0,0
myciel4.col,lf,23,23,True,71,71,True,5,5,0,0,0,5,0,0,0
myciel4.col,rs,23,23,True,71,71,True,5,5,0,0,0,5,0,0,0
myciel4.col,sf,23,23,True,71,71,True,5,5,0,0,0,5,0,0,1
myciel4.col,sl,23,23,True,71,71,True,5,5,0,0,0,5,0,0,1
myciel4.col,gis,23,23,True,71,71,True,5,5,0,0,2,5,0,0,2
myciel4.col,cs-bfs,23,23,True,71,71,True,5,5,0,0,0,5,0,0,0
myciel4.col,cs-dfs,23,23,True,71,71,True,5,5,0,0,0,5,0,0,1
myciel4.col,slf,23,23,True,71,71,True,5,5,0,0,1,5,0,0,1
myciel5.col,lf,47,47,True,236,236,True,6,6,0,0,0,6,0,0,3
myciel5.col,rs,47,47,True,236,236,True,6,6,0,0,0,6,0,0,3
myciel5.col,sf,47,47,True,236,236,True,6,7,1,16,0,6,0,0,3
myciel5.col,sl,47,47,True,236,236,True,6,6,0,0,1,6,0,0,5
myciel5.col,gis,47,47,True,236,236,True,6,6,0,0,6,6,0,0,6
myciel5.col,cs-bfs,47,47,True,236,236,True,6,6,0,0,0,6,0,0,3
myciel5.col,cs-dfs,47,47,True,236,236,True,6,6,0,0,0,6,0,0,2
myciel5.col,slf,47,47,True,236,236,True,6,6,0,0,3,6,0,0,7
myciel6.col,lf,95,95,True,755,755,True,7,7,0,0,1,7,0,0,14
myciel6.col,rs,95,95,True,755,755,True,7,7,0,0,0,7,0,0,13
myciel6.col,sf,95,95,True,755,755,True,7,8,1,14,0,7,0,0,16
myciel6.col,sl,95,95,True,755,755,True,7,7,0,0,5,7,0,0,16
myciel6.col,gis,95,95,True,755,755,True,7,7,0,0,23,7,0,0,22
myciel6.col,cs-bfs,95,95,True,755,755,True,7,7,0,0,0,7,0,0,12
myciel6.col,cs-dfs,95,95,True,755,755,True,7,7,0,0,0,7,0,0,11
myciel6.col,slf,95,95,True,755,755,True,7,7,0,0,17,7,0,0,29
myciel7.col,lf,191,191,True,2360,2360,True,8,8,0,0,1,8,0,0,40
myciel7.col,rs,191,191,True,2360,2360,True,8,9,1,12,1,8,0,0,34
myciel7.col,sf,191,191,True,2360,2360,True,8,9,1,12,1,8,0,0,81
myciel7.col,sl,191,191,True,2360,2360,True,8,8,0,0,16,8,0,0,57
myciel7.col,gis,191,191,True,2360,2360,True,8,8,0,0,70,8,0,0,68
myciel7.col,cs-bfs,191,191,True,2360,2360,True,8,8,0,0,2,8,0,0,56
myciel7.col,cs-dfs,191,191,True,2360,2360,True,8,8,0,0,2,8,0,0,49
myciel7.col,slf,191,191,True,2360,2360,True,8,8,0,0,58,8,0,0,96
queen10_10.col,lf,100,100,True,2940,1470,False,-1,17,18,-1800,0,13,14,-1400,88
queen10_10.col,rs,100,100,True,2940,1470,False,-1,17,18,-1800,0,14,15,-1500,66
queen10_10.col,sf,100,100,True,2940,1470,False,-1,17,18,-1800,1,14,15,-1500,62
queen10_10.col,sl,100,100,True,2940,1470,False,-1,15,16,-1600,7,14,15,-1500,70
queen10_10.col,gis,100,100,True,2940,1470,False,-1,14,15,-1500,72,14,15,-1500,71
queen10_10.col,cs-bfs,100,100,True,2940,1470,False,-1,17,18,-1800,1,13,14,-1400,47
queen10_10.col,cs-dfs,100,100,True,2940,1470,False,-1,15,16,-1600,1,13,14,-1400,73
queen10_10.col,slf,100,100,True,2940,1470,False,-1,17,18,-1800,17,13,14,-1400,86
queen11_11.col,lf,121,121,True,3960,1980,False,11,17,6,54,1,15,4,36,104
queen11_11.col,rs,121,121,True,3960,1980,False,11,17,6,54,0,15,4,36,104
queen11_11.col,sf,121,121,True,3960,1980,False,11,18,7,63,1,15,4,36,100
queen11_11.col,sl,121,121,True,3960,1980,False,11,19,8,72,10,14,3,27,124
queen11_11.col,gis,121,121,True,3960,1980,False,11,17,6,54,118,17,6,54,115
queen11_11.col,cs-bfs,121,121,True,3960,1980,False,11,18,7,63,1,14,3,27,116
queen11_11.col,cs-dfs,121,121,True,3960,1980,False,11,18,7,63,1,14,3,27,112
queen11_11.col,slf,121,121,True,3960,1980,False,11,17,6,54,23,14,3,27,122
queen12_12.col,lf,144,144,True,5192,2596,False,-1,19,20,-2000,1,15,16,-1600,200
queen12_12.col,rs,144,144,True,5192,2596,False,-1,19,20,-2000,0,16,17,-1700,151
queen12_12.col,sf,144,144,True,5192,2596,False,-1,20,21,-2100,1,16,17,-1700,128
queen12_12.col,sl,144,144,True,5192,2596,False,-1,19,20,-2000,13,15,16,-1600,180
queen12_12.col,gis,144,144,True,5192,2596,False,-1,19,20,-2000,170,19,20,-2000,173
queen12_12.col,cs-bfs,144,144,True,5192,2596,False,-1,20,21,-2100,2,16,17,-1700,139
queen12_12.col,cs-dfs,144,144,True,5192,2596,False,-1,20,21,-2100,2,16,17,-1700,149
queen12_12.col,slf,144,144,True,5192,2596,False,-1,21,22,-2200,32,17,18,-1800,207
queen13_13.col,lf,169,169,True,6656,3328,False,13,23,10,76,1,17,4,30,253
queen13_13.col,rs,169,169,True,6656,3328,False,13,19,6,46,1,17,4,30,235
queen13_13.col,sf,169,169,True,6656,3328,False,13,22,9,69,1,17,4,30,138
queen13_13.col,sl,169,169,True,6656,3328,False,13,22,9,69,17,17,4,30,255
queen13_13.col,gis,169,169,True,6656,3328,False,13,19,6,46,232,19,6,46,221
queen13_13.col,cs-bfs,169,169,True,6656,3328,False,13,19,6,46,2,17,4,30,256
queen13_13.col,cs-dfs,169,169,True,6656,3328,False,13,22,9,69,2,17,4,30,232
queen13_13.col,slf,169,169,True,6656,3328,False,13,22,9,69,44,17,4,30,320
queen14_14.col,lf,196,196,True,8372,4186,False,-1,25,26,-2600,2,18,19,-1900,422
queen14_14.col,rs,196,196,True,8372,4186,False,-1,20,21,-2100,1,18,19,-1900,370
queen14_14.col,sf,196,196,True,8372,4186,False,-1,25,26,-2600,1,18,19,-1900,299
queen14_14.col,sl,196,196,True,8372,4186,False,-1,23,24,-2400,23,18,19,-1900,409
queen14_14.col,gis,196,196,True,8372,4186,False,-1,20,21,-2100,292,20,21,-2100,301
queen14_14.col,cs-bfs,196,196,True,8372,4186,False,-1,21,22,-2200,3,18,19,-1900,261
queen14_14.col,cs-dfs,196,196,True,8372,4186,False,-1,22,23,-2300,3,18,19,-1900,318
queen14_14.col,slf,196,196,True,8372,4186,False,-1,23,24,-2400,63,18,19,-1900,472
queen15_15.col,lf,225,225,True,10360,5180,False,-1,25,26,-2600,2,20,21,-2100,504
queen15_15.col,rs,225,225,True,10360,5180,False,-1,22,23,-2300,1,19,20,-2000,485
queen15_15.col,sf,225,225,True,10360,5180,False,-1,25,26,-2600,2,20,21,-2100,362
queen15_15.col,sl,225,225,True,10360,5180,False,-1,23,24,-2400,30,19,20,-2000,413
queen15_15.col,gis,225,225,True,10360,5180,False,-1,22,23,-2300,389,22,23,-2300,384
queen15_15.col,cs-bfs,225,225,True,10360,5180,False,-1,23,24,-2400,3,20,21,-2100,355
queen15_15.col,cs-dfs,225,225,True,10360,5180,False,-1,24,25,-2500,3,19,20,-2000,413
queen15_15.col,slf,225,225,True,10360,5180,False,-1,24,25,-2500,75,19,20,-2000,538
queen16_16.col,lf,256,256,True,12640,6320,False,-1,27,28,-2800,2,21,22,-2200,853
queen16_16.col,rs,256,256,True,12640,6320,False,-1,24,25,-2500,2,20,21,-2100,636
queen16_16.col,sf,256,256,True,12640,6320,False,-1,25,26,-2600,2,21,22,-2200,503
queen16_16.col,sl,256,256,True,12640,6320,False,-1,24,25,-2500,38,20,21,-2100,474
queen16_16.col,gis,256,256,True,12640,6320,False,-1,22,23,-2300,466,22,23,-2300,467
queen16_16.col,cs-bfs,256,256,True,12640,6320,False,-1,24,25,-2500,4,21,22,-2200,473
queen16_16.col,cs-dfs,256,256,True,12640,6320,False,-1,26,27,-2700,4,21,22,-2200,550
queen16_16.col,slf,256,256,True,12640,6320,False,-1,26,27,-2700,97,21,22,-2200,824
queen5_5.col,lf,25,25,True,160,160,True,5,7,2,40,0,5,0,0,0
queen5_5.col,rs,25,25,True,160,160,True,5,9,4,80,0,5,0,0,1
queen5_5.col,sf,25,25,True,160,160,True,5,9,4,80,0,7,2,40,2
queen5_5.col,sl,25,25,True,160,160,True,5,5,0,0,1,5,0,0,1
queen5_5.col,gis,25,25,True,160,160,True,5,6,1,20,4,6,1,20,3
queen5_5.col,cs-bfs,25,25,True,160,160,True,5,8,3,60,0,5,0,0,0
queen5_5.col,cs-dfs,25,25,True,160,160,True,5,7,2,40,0,5,0,0,0
queen5_5.col,slf,25,25,True,160,160,True,5,7,2,40,1,5,0,0,1
queen6_6.col,lf,36,36,True,290,290,True,7,9,2,28,0,8,1,14,6
queen6_6.col,rs,36,36,True,290,290,True,7,10,3,42,0,8,1,14,5
queen6_6.col,sf,36,36,True,290,290,True,7,10,3,42,0,9,2,28,6
queen6_6.col,sl,36,36,True,290,290,True,7,10,3,42,1,8,1,14,4
queen6_6.col,gis,36,36,True,290,290,True,7,9,2,28,9,9,2,28,9
queen6_6.col,cs-bfs,36,36,True,290,290,True,7,9,2,28,0,9,2,28,3
queen6_6.col,cs-dfs,36,36,True,290,290,True,7,10,3,42,0,8,1,14,4
queen6_6.col,slf,36,36,True,290,290,True,7,9,2,28,2,8,1,14,8
queen7_7.col,lf,49,49,True,476,476,True,7,12,5,71,0,9,2,28,11
queen7_7.col,rs,49,49,True,476,476,True,7,12,5,71,0,9,2,28,10
queen7_7.col,sf,49,49,True,476,476,True,7,13,6,85,0,10,3,42,9
queen7_7.col,sl,49,49,True,476,476,True,7,12,5,71,2,9,2,28,14
queen7_7.col,gis,49,49,True,476,476,True,7,10,3,42,16,10,3,42,16
queen7_7.col,cs-bfs,49,49,True,476,476,True,7,11,4,57,0,9,2,28,13
queen7_7.col,cs-dfs,49,49,True,476,476,True,7,12,5,71,0,10,3,42,11
queen7_7.col,slf,49,49,True,476,476,True,7,12,5,71,4,10,3,42,18
queen8_12.col,lf,96,96,True,1368,1368,True,12,15,3,25,0,13,1,8,54
queen8_12.col,rs,96,96,True,1368,1368,True,12,17,5,41,0,14,2,16,47
queen8_12.col,sf,96,96,True,1368,1368,True,12,16,4,33,0,13,1,8,47
queen8_12.col,sl,96,96,True,1368,1368,True,12,15,3,25,7,13,1,8,46
queen8_12.col,gis,96,96,True,1368,1368,True,12,16,4,33,74,16,4,33,73
queen8_12.col,cs-bfs,96,96,True,1368,1368,True,12,16,4,33,1,13,1,8,56
queen8_12.col,cs-dfs,96,96,True,1368,1368,True,12,16,4,33,1,14,2,16,46
queen8_12.col,slf,96,96,True,1368,1368,True,12,15,3,25,14,13,1,8,67
queen8_8.col,lf,64,64,True,728,728,True,9,13,4,44,0,10,1,11,23
queen8_8.col,rs,64,64,True,728,728,True,9,12,3,33,0,11,2,22,19
queen8_8.col,sf,64,64,True,728,728,True,9,14,5,55,0,11,2,22,18
queen8_8.col,sl,64,64,True,728,728,True,9,13,4,44,3,10,1,11,23
queen8_8.col,gis,64,64,True,728,728,True,9,12,3,33,30,12,3,33,31
queen8_8.col,cs-bfs,64,64,True,728,728,True,9,13,4,44,0,11,2,22,22
queen8_8.col,cs-dfs,64,64,True,728,728,True,9,12,3,33,0,11,2,22,21
queen8_8.col,slf,64,64,True,728,728,True,9,13,4,44,6,11,2,22,31
queen9_9.col,lf,81,81,True,2112,1056,False,10,15,5,50,0,12,2,20,35
queen9_9.col,rs,81,81,True,2112,1056,False,10,15,5,50,0,12,2,20,35
queen9_9.col,sf,81,81,True,2112,1056,False,10,15,5,50,0,12,2,20,25
queen9_9.col,sl,81,81,True,2112,1056,False,10,15,5,50,5,12,2,20,43
queen9_9.col,gis,81,81,True,2112,1056,False,10,14,4,40,50,14,4,40,49
queen9_9.col,cs-bfs,81,81,True,2112,1056,False,10,15,5,50,1,12,2,20,32
queen9_9.col,cs-dfs,81,81,True,2112,1056,False,10,15,5,50,1,12,2,20,35
queen9_9.col,slf,81,81,True,2112,1056,False,10,16,6,60,10,12,2,20,39
school1.col,lf,385,385,True,19095,19095,True,-1,32,33,-3300,7,27,28,-2800,1533
school1.col,rs,385,385,True,19095,19095,True,-1,44,45,-4500,6,34,35,-3500,2065
school1.col,sf,385,385,True,19095,19095,True,-1,45,46,-4600,6,35,36,-3600,2842
school1.col,sl,385,385,True,19095,19095,True,-1,15,16,-1600,114,14,15,-1500,174
school1.col,gis,385,385,True,19095,19095,True,-1,39,40,-4000,3328,39,40,-4000,3287
school1.col,cs-bfs,385,385,True,19095,19095,True,-1,39,40,-4000,14,26,27,-2700,1879
school1.col,cs-dfs,385,385,True,19095,19095,True,-1,44,45,-4500,13,35,36,-3600,2232
school1.col,slf,385,385,True,19095,19095,True,-1,32,33,-3300,232,27,28,-2800,1682
school1_nsh.col,lf,352,352,True,14612,14612,True,-1,34,35,-3500,5,27,28,-2800,1003
school1_nsh.col,rs,352,352,True,14612,14612,True,-1,36,37,-3700,4,29,30,-3000,1644
school1_nsh.col,sf,352,352,True,14612,14612,True,-1,41,42,-4200,6,35,36,-3600,2238
school1_nsh.col,sl,352,352,True,14612,14612,True,-1,22,23,-2300,88,14,15,-1500,188
school1_nsh.col,gis,352,352,True,14612,14612,True,-1,35,36,-3600,2094,35,36,-3600,2097
school1_nsh.col,cs-bfs,352,352,True,14612,14612,True,-1,37,38,-3800,11,31,32,-3200,1189
school1_nsh.col,cs-dfs,352,352,True,14612,14612,True,-1,39,40,-4000,10,32,33,-3300,1873
school1_nsh.col,slf,352,352,True,14612,14612,True,-1,34,35,-3500,197,27,28,-2800,1250
zeroin.i.1.col,lf,211,126,False,4100,4100,True,49,49,0,0,1,49,0,0,142
zeroin.i.1.col,rs,211,126,False,4100,4100,True,49,49,0,0,1,49,0,0,311
zeroin.i.1.col,sf,211,126,False,4100,4100,True,49,50,1,2,1,50,1,2,324
zeroin.i.1.col,sl,211,126,False,4100,4100,True,49,49,0,0,18,49,0,0,146
zeroin.i.1.col,gis,211,126,False,4100,4100,True,49,50,1,2,680,50,1,2,679
zeroin.i.1.col,cs-bfs,211,126,False,4100,4100,True,49,49,0,0,3,49,0,0,183
zeroin.i.1.col,cs-dfs,211,126,False,4100,4100,True,49,49,0,0,3,49,0,0,199
zeroin.i.1.col,slf,211,126,False,4100,4100,True,49,49,0,0,26,49,0,0,162
zeroin.i.2.col,lf,211,157,False,3541,3541,True,30,30,0,0,1,30,0,0,44
zeroin.i.2.col,rs,211,157,False,3541,3541,True,30,30,0,0,1,30,0,0,132
zeroin.i.2.col,sf,211,157,False,3541,3541,True,30,30,0,0,1,30,0,0,118
zeroin.i.2.col,sl,211,157,False,3541,3541,True,30,30,0,0,19,30,0,0,56
zeroin.i.2.col,gis,211,157,False,3541,3541,True,30,30,0,0,367,30,0,0,367
zeroin.i.2.col,cs-bfs,211,157,False,3541,3541,True,30,30,0,0,3,30,0,0,57
zeroin.i.2.col,cs-dfs,211,157,False,3541,3541,True,30,30,0,0,3,30,0,0,66
zeroin.i.2.col,slf,211,157,False,3541,3541,True,30,30,0,0,41,30,0,0,81
zeroin.i.3.col,lf,206,157,False,3540,3540,True,30,30,0,0,1,30,0,0,44
zeroin.i.3.col,rs,206,157,False,3540,3540,True,30,30,0,0,1,30,0,0,144
zeroin.i.3.col,sf,206,157,False,3540,3540,True,30,30,0,0,1,30,0,0,126
zeroin.i.3.col,sl,206,157,False,3540,3540,True,30,30,0,0,19,30,0,0,57
zeroin.i.3.col,gis,206,157,False,3540,3540,True,30,30,0,0,346,30,0,0,336
zeroin.i.3.col,cs-bfs,206,157,False,3540,3540,True,30,30,0,0,2,30,0,0,53
zeroin.i.3.col,cs-dfs,206,157,False,3540,3540,True,30,30,0,0,2,30,0,0,61
zeroin.i.3.col,slf,206,157,False,3540,3540,True,30,30,0,0,38,30,0,0,80
